{
  "id": "1454183",
  "name": "头像购物放大镜",
  "font_family": "iconfont",
  "css_prefix_text": "icon-",
  "description": "",
  "glyphs": [
    {
      "icon_id": "677569",
      "name": "放大镜",
      "font_class": "fangdajing1",
      "unicode": "e617",
      "unicode_decimal": 58903
    },
    {
      "icon_id": "908771",
      "name": "点赞-b",
      "font_class": "dianzanb",
      "unicode": "e6bb",
      "unicode_decimal": 59067
    },
    {
      "icon_id": "1203690",
      "name": "头像",
      "font_class": "xiugaitouxiang",
      "unicode": "e602",
      "unicode_decimal": 58882
    },
    {
      "icon_id": "1473952",
      "name": "放大镜",
      "font_class": "fangdajing",
      "unicode": "e646",
      "unicode_decimal": 58950
    },
    {
      "icon_id": "4553720",
      "name": "点顺序",
      "font_class": "dianshunxu",
      "unicode": "e7d9",
      "unicode_decimal": 59353
    },
    {
      "icon_id": "7408868",
      "name": "下载",
      "font_class": "xiazai",
      "unicode": "e61c",
      "unicode_decimal": 58908
    },
    {
      "icon_id": "7939959",
      "name": "播放",
      "font_class": "arrow-",
      "unicode": "e628",
      "unicode_decimal": 58920
    },
    {
      "icon_id": "12754197",
      "name": "左箭头",
      "font_class": "zuojiantou_huaban",
      "unicode": "e63e",
      "unicode_decimal": 58942
    }
  ]
}
